;1;2;3;4;5;6;7;8;9;10;11;12;13;14;15;16;17;18;19;20;21;22;23;24;25;26;27;28;29;30
Chaetoderma nitidulum;0;0;0;0;0;0;0;0;0;0;0;0;0;0;0;0.009740037;0;0;0;0;0;0;0;0;0.051545091;0.013566717;0.058506915;0;0;0.093145579
Chaetoderma sp.;0;0.017058622;0.001874471;0;0;0;0;0;0.117143314;0;0;0;0;0;0;0.016889491;0;0;0;0;0;0;0.016380725;0;0;0;0;0.085903653;0;0
Ascidiacea gen. sp.;0;0;0;0;0;0;0;0;0;0;0;0;0.046242615;0;0;0;0;0.104511348;0;0;0;0;0;0;0;0;0;0;0;0
Styellidae gen. sp.;0;0;0;0;0;0;0;0;0.039904121;0.041284146;0;0;0;0;0;0;0;0;0;0;0;0;0;0;0;0;0;0;0;0
Asteroidea juv.;0;0;0;0;0;0;0;0;0;0;0;0;0.025666477;0;0;0;0;0;0;0;0;0;0;0;0;0;0;0;0;0
Ctenodiscus crispatus;0.061850855;0;0;0;0.163237233;0;0;0;0;0;0;0;0;0.055682614;1.048878267;0;0;0;0;0;0;0;0;0;1.90872875;0;1.890742288;0;0;0.352846048
Lophaster furcifer;0;0;0;0;0;0;0;0;0;0;0;0;0;0;0;0;0;0;0;0;0;0;0;0;0;0;0;0;0.24408253;0
Pontaster tenuispinus;0;0;0;0;0;0;0;0;0;0;0;0;0;0;0;0;0;0;0;0;0;0;0;0;0;0;0;0;0.248507081;0
Arctinula greenlandica;0;0.031399054;0;0;0;0;0;0.229795603;0.003748942;0.001874471;0;0;0;0.009593118;0;0;0.001874471;0.125546735;0;0;0;0;0;0;0;0;0;0;0;0
Astarte crenata;0;0;0;0.248336507;0;0.831363516;0.58074984;0;0.55996682;1.732196416;0.394160756;0.342892852;0;0.092882156;0.136468976;0;0;0;0;0.106734067;0;0;5.136195557;0.116078907;3.351286716;0;0.150123668;0.790127519;0.936284193;0
Astarte elliptica;0;0;0;0;0;0;0.001874471;0.011582922;0;0;0;0.434521467;0.604465656;0;0;0;0;0;0;0;0;0;0;0;0;0;0;0;0;0
Bivalvia gen. sp.;0;0;0;0.001874471;0;0;0;0;0;0;0;0;0;0;0.101689696;0;0;0;0;0;0;0;0;0;0;0;0;0;0;0
Boreoacula maltzani;0;0;0.011246827;0;0;0;0;0;0;0;0;0;0.035852776;0;0;0;0;0;0;0;0;0;0;0;0;0;0;0;0;0
Ciliatocardium ciliatum;0.016990442;0.071436011;0;0;0;0.263792265;0.064748545;0.027548986;0;0;0;0.43154293;0.605623913;0.003152472;0;0;0;0;0;0;0;0;0;0;0;0;0;0.135457675;0;0
Cuspidaria arctica;0;0.02186758;0.009593118;0.003152472;0;0;0;0;0;0.011734823;0;0;0;0;0;0;0.011322003;0;0;0;0;0;0;0;0;0;0;0;0;0
Cuspidaria cuspidata;0.011582922;0;0;0;0;0;0;0;0.008916537;0.016930343;0.40512004;0;0;0.005301805;0;0;0;0;0;0;0;0;0;0;0;0;0;0;0;0
Cuspidaria glacialis;0;0;0;0;0;0;0;0;0;0;0;0;0;0;0;0;0;0;0;0;0;0;0;0;0.009740037;0;0.006304944;0.003152472;0.012535344;0.015693342
Cuspidaria sp.;0;0;0;0;0;0;0;0;0.003152472;0;0.383370799;0;0;0;0;0.010540926;0;0;0;0;0;0;0;0;0;0;0;0;0;0
Dacrydium vitreum;0;0;0.030522757;0;0.077689434;0.016133637;0;0.13670989;0.029438598;0.014564753;0.066104256;0.137352405;0.003152472;0.04246612;0;0.006977568;0.006267672;0;0;0;0;0;0;0;0.005301805;0;0.015905415;0.086632818;0;0
Ennucula tenuis;0.020286235;0.015905415;0;0;0.012085502;0;0.001874471;0;0;0;0;0;0;0;0;0.075362037;0;0;0;0;0;0;0;0.043735159;0.016990442;0;0.052473851;0;0;0.030371528
Hiatella arctica;0.089442719;0;0;0;0;0;0;0;0;0.626507949;0;0;0;0;0;0;0;0;0;0;0;0;0.049823138;0;0;0;0;0;0;0
Lima hyperborea;0;0;0;0;0;0;0;0;0;0;0;0;0;0;0;0;0;0;0;0.126928912;0;0;0;0;0;0;0;0;0;0
Liocyma fluctousa;0;0;0;0;0;0;0;0;0;0;0;0;0.011322003;0;0;0;0;0;0;0;0;0;0;0;0;0;0;0;0;0
Macoma balthica;0;0.016380725;0;0;0;0.008916537;0;0.075882188;0.045632815;0;0;0;0.046329701;0;0;0;0;0;0;0;0;0;0;0;0;0;0;0;0;0
Macoma calcarea;0.572464688;0;0;0;0;0;0;0;0.111012421;0;0;0;0;0;0;0.188609314;0;0;0;0;0;0;0;0.065396933;0;0;0;0.174940636;0;0.338172824
Macoma moesta;0;0;0;0;0;0;0;0;0;0;0;0;0;0;0;0;0;0;0;0;0;0;0;0;0.549731434;0;0;0;0;0
Mendicula ferruginosa;0;0.283954496;0.024540133;0;0.210743984;0.003748942;0;0;0.029801187;0;0;0;0.002933706;0.071079923;0.001874471;0.006977568;0.012085502;0.009809437;0.006304944;0;0.003152472;0.026666667;0;0;0;0;0.050145512;0;0;0.044134608
Musculus discors;0;0;0;0;0;0.211434631;0;0.368114049;0.146100562;0;0;0;0;0;0;0;0;0;0;0;0;0;0;0;0;0;0;0;0;0
Musculus glacialis;0;0;0;0;0;0;0;0;0;0;0;0;0;0;0;0;0;0;0;0;0;0;0;0;0;0;0;0.011322003;0;0
Nuculana pernula;0.019480075;0;0.299013723;0.01060361;0.449634677;0.177667027;0;0.09326465;1.707956445;2.00665476;1.825047744;0.728382588;0;0;0;0.676144281;0;0;0;0;0;0;0;0.478203371;0.42164147;0;0;0.074160744;0;0
Portlandia arctica;0;0;0;0;0;0;0;0;0;0;0.033647449;0.006267672;0;0;11.1076465;0;0;0;0;0;0;0;0;0.219485003;0;0;0;0;0;0
Similipecten greenlandicus;0;0;0;0;0;0;0;0;0;0;0;0;0;0;0;0;0;0;0;0;0;0;0;0.003748942;0.169540426;0;0.006304944;0.006267672;0;0.009740037
Thracia myopsis;0;0;0;0;0;0;0;0;0;0;0;0;0;0;0;0;0;0;0;0;0;0;0.322018835;0;0;0;0;0;0;0
Thyasira equalis;0;0;0;0;0;0;0;0;0;0;0;0;0;0;0;0;0;0;0;0;0;0;0;0;0;0;0;0;0;0.23989733
Thyasira flexuosa;0;0;0;0;0;0;0;0;0;0;0;0;0;0;0;0;0;0;0;0;0;0;0.020957224;0.03147604;0;0;0.068809534;0;0;0
Thyasira sarsi;0.061047358;0.295328604;0.150577984;0.100605151;0.317939729;0;0.367753982;0;0.613579269;0.003748942;0.06598976;0.2384776;0.116769198;0.148539877;0;0.368166027;0.202939236;0.240049367;0.009809437;0;0.006304944;0.072461691;0.180987346;0.066255546;0.02639295;0.019186235;0.014372164;0.0490954;0;0.016990442
Yoldiella fraterna;0;0;0;0;0;0.030972072;0;0;0;0;0;0.01061653;0;0;0;0;0;0.004148887;0;0;0;0;0;0;0;0;0;0;0;0
Yoldiella frigida;0;0;0.012085502;0;0;0;0;0;0.129853485;0.154371347;0.049844959;0.057488658;0;0;0;0;0;0.057488658;0;0;0;0;0.003748942;0;0.00824872;0;0;0;0;0.005081327
Yoldiella intermedia;0;0;0.008863826;0;0;0;0;0;0;0;0;0;0;0;0;0;0;0;0;0;0;0;0;0;0;0;0;0;0;0
Yoldiella lenticula;0.065396933;0.898807552;0.030828867;0.1245053;0.524298029;0;0.519676568;0.011322003;0.668991926;0.003152472;0.159096406;0.633423075;0;0.293787544;0.207465512;0.409096034;0.55058272;0.175738577;0;0.008066818;0.708520524;0.793429941;0;1.970655079;0.063668301;0.024200455;0.137619069;0.328605649;0.110195945;0.19175772
Yoldiella lucida;0.00854574;0.086166242;0.029798971;0.024893319;0.152557312;0.055558166;0.069186799;0.017719892;0.0903602;0.008916537;0.006267672;0.044134608;0;0.151982965;0;0.10309591;0.015243982;0.065679628;0.001874471;0;0.049537575;0;0;0;0;0;0;0;0;0
Yoldiella nana;0.059834565;0.435280277;0.103882106;0.143829923;0.971724161;0;0.21074719;0;0.205473833;0.028404626;0.024124535;0.144484068;0;0.478553277;0;0.418622828;0.100013824;0.238027242;0.005623413;0;0.19653639;0.083014867;0.022816408;0.016889491;0.086950061;0.00824872;0.145452536;0.065396933;0.022067304;0.142788081
Yoldiella persei ;0;0;0;0;0;0;0.001874471;0;0;0;0;0;0;0;0;0;0;0;0;0;0;0;0;0;0;0;0;0;0;0
Yoldiella solidula;0;0;0;0;0;0;0;0;0;0;0;0;0;0;0;0;0;0;0;0;0;0;0.012625253;0.04057307;0;0;0;0.050668474;0.156830879;0.083832835
Alcyonidium gelatinosum;0;0;0.03276145;0;0;0;0;0;0;0;0.019041263;0;0;0;0;0;0;0;0;0;0;0;0;0;0;0;0;0;0;0
Alcyonidium sp.;0;0;0;0;0;0;0;0;0;0;0;0;0;0.030371528;0;0;0;0;0;0;0;0;0.015693342;0;0;0;0;0;0.003152472;0
Bryozoa gen.sp.;0;0;0;0;0;0;0;0;0;0.071749855;0;0.46862563;0;0;0;0;0;0;0;0;0;0;0.00427287;0;0;0;0;0;0;0
Callopora craticula;0;0;0;0;0;0;0;0;0;0;0;0;0;0;0;0;0;0;0;0;0;0;0;0;0;0;0;0.001874471;0;0
Cellepora sp. ;0;0;0;0;0;0;0;0;0;0;0;0;0;0;0;0;0;0;0;0;0;0;0;0.010540926;0;0;0;0.039395783;0;0
Cheilopora praelucida;0;0;0;0;0;0;0;0;0;0;0;0;0;0;0;0;0;0;0;0;0;0;0.001874471;0;0;0;0;0;0;0
Cheilostomata gen.sp. ;0;0;0;0;0;0;0;0;0;0;0;0;0;0;0;0;0;0;0;0;0;0;0.006267672;0.028689068;0;0;0;0.061923878;0;0
Cribrilina annulata;0;0;0;0;0;0;0;0;0;0;0;0;0;0;0;0;0;0;0;0;0;0;0.015905415;0;0;0;0;0;0;0
Crisia sp.;0;0;0;0;0;0;0;0;0;0;0;0;0;0;0;0;0;0;0;0;0;0;0.001874471;0;0;0;0;0;0;0
Cyclostomata indet. (cf. Diplosolen obelia arctica);0;0;0;0;0;0;0;0;0;0;0;0;0;0;0;0;0;0;0;0;0;0;0;0;0;0;0;0;0.001874471;0
Dendrobeania fruticosa quadridentata;0;0;0;0;0;0;0;0;0;0;0;0;0;0;0;0;0;0;0;0;0;0;0;0;0;0;0;0.024626348;0;0
Escharoides jacksoni ;0;0;0;0;0;0;0;0;0;0;0;0;0;0;0;0;0;0;0;0;0;0;0.037857398;0;0;0;0;0;0;0
Escharopsis sarsi ;0;0;0;0;0;0;0;0;0;0;0;0;0;0;0;0;0;0;0;0;0;0;0.156530291;0;0;0;0;0;0;0
Eucratea loricata;0;0;0;0;0;0;0;0;0;0;0;0;0;0;0;0;0;0;0;0;0;0;0;0;0;0;0;0.001874471;0;0
Flustra foliacea;0.243147419;0;0;0;0;0;0;0;0;0;0;0;0;0;0;0;0;0;0;0;0;0;0;0;0;0;0;0;0;0
Leieschara coarctata;0;0;0;0;0;0;0;0;0;0;0;0;0;0;0;0;0;0;0;0;0;0;0;0;0;0;0;0.051078618;0;0
Leieschara sp.;0;0;0;0;0;0;0;0;0;0;0;0;0;0;0;0;0;0;0;0;0;0;0.003152472;0.008916537;0;0;0;0.001874471;0;0
Leieschara subgracilis ;0;0;0;0;0;0;0;0;0;0;0;0;0;0;0;0;0;0;0;0;0;0;0.006267672;0;0;0;0;0.271728068;0;0
Porella plana;0;0;0;0;0;0;0;0;0;0;0;0;0;0;0;0;0;0;0;0;0;0;0.193368025;0;0;0;0;0;0;0
Porella saccata;0;0;0;0;0;0;0;0;0;0;0;0;0;0;0;0;0;0;0;0;0;0;0.487483377;0;0;0;0;0;0;0
Porella sp.;0;0;0;0;0;0;0;0;0;0;0;0;0;0;0;0;0;0;0;0;0;0;0;0;0;0;0;0.02981424;0;0
Scrupocellaria sp.;0;0;0;0;0;0;0;0;0;0;0;0;0;0;0;0;0;0;0;0;0;0;0;0;0;0;0;0.001874471;0;0
Tricellaria peachi ;0;0;0;0;0;0;0;0;0;0;0;0;0;0;0;0;0;0;0;0;0;0;0.001874471;0;0;0;0;0;0;0
Tricellaria ternata;0;0;0;0;0;0;0;0;0;0;0;0;0;0;0;0;0;0;0;0;0;0;0;0;0;0;0;0.003152472;0;0
Actiniaria gen.sp.;0;0;0.024200455;0.354766371;0.00854574;0.00854574;0.040013785;0.056241906;0;0;0.090961727;0;0.01281861;0;0;0;0.025219776;0.036118037;0;0.863544582;0.072582549;0;0.963526455;0.048249069;0;0;0;0.046849746;0.055097972;0
Cerianthus Iloydii;0;0;0;0;0;0;0;0;0;0;0;0;0;0;0;0;0;0;0;0;0;0;0;0;0;0.69036965;0;0;0;0
Edwardsia sp.;0.010540926;0;0;0;0;0;0;0;0;0;0;0;0;0;0;0;0;0;0;0;0;0;0;0;0;0;0;0;0;0
Grammaria immersa;0;0;0;0;0;0;0;0;0;0;0;0;0;0;0;0;0;0;0;0;0;0;0.068899337;0;0;0;0;0;0;0
Hydrozoa gen. sp.;0;0;0;0.001874471;0;0;0;0;0;0;0;0;0;0;0;0;0;0;0;0;0;0;0;0;0;0;0;0;0;0
Hydrozoa gen.sp.4;0;0;0;0;0;0;0;0;0;0;0;0;0;0;0;0;0;0;0;0;0;0;0.001874471;0;0;0;0;0;0;0
Hydrozoa indet.1 ;0;0;0;0;0;0;0;0;0;0;0;0;0;0;0;0;0;0;0;0;0;0;0.001874471;0;0;0;0;0;0;0
Hydrozoa indet.2;0;0;0;0;0;0;0;0;0;0;0;0;0;0;0;0;0;0;0;0;0;0;0.001874471;0;0;0;0;0;0;0
Hydrozoa indet.3 ;0;0;0;0;0;0;0;0;0;0;0;0;0;0;0;0;0;0;0;0;0;0;0.001874471;0;0;0;0;0;0;0
Thuiaria articulata;0;0;0.003152472;0;0;0;0;0;0;0;0;0;0;0;0;0;0;0;0;0;0;0;0;0;0;0;0;0;0;0
Tubulipora sp.;0;0;0;0;0;0;0;0;0;0;0;0;0;0;0;0;0;0;0;0;0;0;0.028404626;0;0;0;0;0.001874471;0;0
Virgularia mirabilis;0;0;0;0;0;0;0;0;0;0;0;0;0.035773084;0;0;0;0;0;0;0.020957224;0;0;0;0;0;0;0;0;0.006267672;0.036820158
Gersemia fruticosa;0;0;0;0;0;0.027548986;0.361688663;0;0;0;0;0;0;0;0;0;0;0;0;0;0;0;0.023424873;0;0;0;0;0;0;0
Gersemia rubiformis;0;0;0;0;0;0;0;0;0;0;0;0;0;0;0;0;0;0;0;0;0;0;0;0;0;0;0;0;0;0.394768097
Aceroides latipes;0;0;0.001874471;0;0;0;0;0.005623413;0.002229134;0;0.012625253;0;0.003152472;0;0;0;0;0;0;0;0;0;0;0;0;0;0;0;0;0
Akanthophoreus gracilis;0;0;0.003748942;0.011688713;0.005623413;0.001874471;0;0.002466943;0.010745699;0.002466943;0.03202346;0;0.001874471;0.001874471;0;0;0.009457416;0.001874471;0;0;0;0;0;0;0;0;0;0;0;0
Ampelisca latipes;0;0;0;0;0;0;0;0;0.006267672;0;0;0;0;0;0;0;0;0;0;0;0;0;0;0;0;0;0;0;0;0
Ampelisca sp.;0;0;0;0;0;0;0;0;0;0;0;0;0.003152472;0;0;0;0;0;0;0;0;0;0;0;0;0;0;0;0;0
Amphopoda gen.sp.;0;0;0;0;0;0;0.00427287;0;0;0.011246827;0.034291245;0;0;0;0;0;0;0;0;0;0;0;0;0;0;0;0;0;0;0
Anonyx nugax;0;0;0;0;0;0;0;0;0;0;0;0;0;0;0;0;0;0.001874471;0;0;0;0;0;0;0;0;0;0;0;0
Arrhis phyllonyx;0;0.041916417;0;0;0;0;0;0;0;0;0;0;0;0;0;0;0;0;0;0;0;0;0;0;0;0;0;0;0;0
Balanus crenatus;0;0;0;0;0;0;0;0;0;0.006267672;0;0.012833238;0;0;0;0;0;0;0;0;0;0;0;0;0;0;0;0;0;0
Bathymedon obtusifrons;0;0.005623413;0;0;0;0;0;0;0.00745356;0.004148887;0;0;0;0;0;0;0;0;0;0;0.019686777;0;0;0;0;0;0;0;0;0
Brachydiastylis resima;0;0;0;0;0;0;0;0;0;0;0;0;0.015261378;0;0;0;0;0;0.001874471;0;0;0;0;0;0;0;0;0;0;0
Byblis erythrops ;0;0;0;0;0;0;0;0;0;0;0;0;0;0;0;0;0;0;0;0;0;0;0.201669724;0.033966008;0;0;0;0.030828867;0;0
Byblis longicornis;0.00745356;0;0.038592837;0;0;0.02032531;0;0;0.037712362;0;0.01601173;0;0;0;0;0;0;0;0;0;0;0;0;0;0;0;0;0;0;0
Byblis sp.;0;0;0.00427287;0;0;0;0;0;0;0;0;0;0;0;0;0;0;0;0;0;0;0;0;0;0;0;0;0;0;0
Caecognathia elongata;0.01061653;0;0;0.006304944;0;0.003152472;0;0;0;0.006977568;0;0;0;0;0.001874471;0.00427287;0;0;0;0.001874471;0;0;0.003748942;0;0;0;0;0;0;0
Calanus finnmarchicus;0;0;0;0;0;0;0;0;0;0;0;0;0;0;0.010162655;0;0;0;0;0;0;0;0;0;0;0;0;0;0;0
Calathura brachiata;0;0;0.003152472;0;0;0.010540926;0;0;0;0;0.02981424;0;0;0;0;0;0;0;0;0.05927598;0;0;0;0;0;0;0;0;0;0
Campylaspis costata;0;0;0;0;0;0;0;0;0.020205155;0.018803015;0;0;0;0;0;0;0;0;0;0;0;0;0;0;0;0;0;0;0;0
Campylaspis rubicunda;0;0;0;0;0;0;0;0;0.003152472;0;0;0;0;0;0;0;0;0;0;0;0;0;0;0;0;0;0;0;0;0
Caprella dubia;0.006267672;0;0;0;0;0;0;0;0;0.003152472;0;0;0;0;0;0;0;0;0;0;0;0;0;0;0;0;0;0;0;0
Centromedon sp.;0;0;0;0;0.001874471;0;0;0;0.002466943;0;0.008066818;0;0;0;0;0;0;0;0;0;0;0;0;0;0;0;0;0;0;0
Cerapus sp.;0;0;0;0;0;0;0;0;0;0.02123306;0.012062707;0;0;0;0;0;0;0;0;0;0;0;0;0;0;0;0;0;0;0
Chionocoetes opilio;0;0;0;0;0.015261378;0;0;0;0;0;0;0;0;0;0;0;0;0;0;0;0;0;0;0;0;0;0;0;0;0
Corophium sp.;0;0;0;0;0;0;0;0;0;0.001874471;0.002229134;0;0.001874471;0;0;0;0;0;0;0;0;0;0;0;0;0;0;0;0;0
Crustacea rest;0;0;0;0;0;0.001874471;0;0;0;0;0;0;0;0;0;0;0;0;0;0;0;0;0;0;0;0;0;0;0;0
Cumacea gen. sp.;0;0;0;0;0.001874471;0;0;0;0;0;0;0;0;0;0;0;0;0;0;0;0;0;0;0;0;0;0;0;0;0
Decapoda gen.sp. (larva);0;0;0.01060361;0;0;0;0;0;0;0;0;0;0;0;0;0;0;0;0;0;0;0;0;0;0;0;0;0;0;0
Diastylis echinata;0.038729833;0;0;0;0.006304944;0;0;0;0.011582922;0;0;0.001874471;0;0;0.008066818;0.025909256;0;0.00427287;0;0;0;0;0;0;0.040914394;0;0.03471569;0;0;0
Diastylis edwardsii;0;0;0;0;0;0;0;0;0;0;0;0;0.00854574;0;0;0;0;0;0;0;0;0;0;0;0;0;0;0;0;0
Diastylis glabra;0;0;0;0;0.001874471;0;0;0;0;0;0;0;0;0;0;0;0;0;0;0;0;0;0;0;0;0;0.040700152;0;0;0.03147604
Diastylis goodsiri;0;0;0;0;0;0;0;0;0;0;0;0;0;0;0;0;0;0;0;0;0;0;0.051617171;0.172016648;0;0;0;0.102548882;0;0.062871671
Diastylis rathkei ;0;0;0;0;0;0;0;0;0;0;0;0;0;0;0;0;0;0;0;0;0;0;0.020286235;0;0;0;0;0;0;0
Diastylis sp.;0;0;0.001874471;0.012062707;0.005623413;0;0;0;0;0.002229134;0;0;0;0;0;0;0;0;0;0;0;0;0;0;0;0;0;0;0;0
Diastylis spinulosa;0;0;0;0;0;0;0;0;0;0;0;0;0;0;0;0;0;0.036297879;0;0;0;0;0;0;0;0;0;0;0;0
Dyopedos sp,;0;0;0.003152472;0;0;0;0;0;0;0;0;0;0;0;0;0;0;0;0;0;0;0;0;0;0;0;0;0;0;0
Ericthonius sp.;0;0;0.003748942;0;0;0;0;0.001874471;0;0;0;0;0;0;0;0;0;0;0;0;0;0;0;0;0;0;0;0;0;0
Eudorella emarginata;0.02492248;0;0;0;0.012609888;0;0.023330903;0;0.081828788;0.00854574;0.011322003;0.005081327;0.003152472;0.00745356;0;0.00824872;0.013464206;0.00854574;0.015905415;0;0;0.012833238;0;0;0.009593118;0;0;0;0;0.005081327
Gammarida gen.sp.;0;0;0;0;0;0;0;0;0;0;0;0;0;0;0;0;0;0;0;0;0;0;0.003152472;0;0;0;0;0.001874471;0;0.174109543
Gammaropsis sp.;0;0;0;0;0;0;0;0.005081327;0.001874471;0;0.009372355;0;0;0;0;0;0;0;0;0;0;0;0;0;0;0;0;0;0;0
Gitanopsis sp.;0.006267672;0;0;0;0;0;0;0.001874471;0;0;0;0;0;0;0;0;0;0;0;0;0;0;0;0;0;0;0;0;0;0
Haploops laevis;0.23303605;0;0;0;0;0;0;0;0;0;0.004148887;0;0;0;0;0;0;0;0;0;0;0;0;0;0;0;0;0;0;0
Haploops setosa;0;0;0;0;0;0;0;0;0;0;0;0;0;0;0;0;0;0;0;0.041284146;0;0;0.742127196;0.051847767;0;0;0;0;0.001874471;0
Haploops similis;0;0;0.006304944;0;0;0;0;0;0;0;0;0;0;0;0;0;0;0;0;0;0;0;0;0;0;0;0;0;0;0
Haploops sp. juv.;0;0;0.003748942;0;0;0;0;0;0;0;0;0;0;0;0;0;0;0;0;0;0;0;0;0;0;0;0;0;0;0
Haploops tubicola;0;0;0.016238444;0.003152472;0;0;0;0;0.002466943;0;0.027745276;0;0;0;0.003152472;0.006304944;0;0.002229134;0;0;0;0;0;0;0.126082637;0;0;0;0;0
Harpinia mucronata;0;0;0.001874471;0;0;0;0;0;0;0;0;0;0;0;0;0;0;0;0;0;0;0;0.011734823;0;0;0;0;0.01060361;0.031066485;0
Harpiniopsis similis;0;0;0.006042751;0;0;0;0;0;0;0;0;0;0;0;0;0;0;0;0;0;0;0;0;0;0;0;0;0;0;0
Hyas coarctus;0;0;0;0;0;0;0;0;0;0;0;0;0.003152472;0;0;0;0;0;0;0;0;0;0;0;0;0;0;0;0;0
Ilyarachna hirticeps;0;0;0;0;0;0;0;0;0;0;0.003748942;0;0;0;0;0;0;0;0;0;0;0;0;0;0;0;0;0;0;0
Lamprops fuscatus;0;0;0;0;0;0;0;0;0;0;0;0;0.005623413;0;0;0;0;0;0;0;0;0;0;0;0;0;0;0;0;0
Leptostylis macrura;0;0;0;0;0;0;0;0;0.046331687;0;0.018215689;0;0;0.008297773;0;0.004458269;0;0.005081327;0;0;0;0;0;0;0;0;0;0;0;0
Leucon nasica;0;0.024125414;0;0;0;0;0;0;0;0.02832456;0.02236068;0.005127737;0.005081327;0.006389431;0;0.007928047;0.003152472;0.047770696;0;0;0;0;0.001874471;0.00824872;0;0;0;0.001874471;0;0
Lysianassidae gen.sp.;0;0;0.001874471;0;0.007497884;0.015261378;0;0;0;0;0;0;0;0;0;0;0;0;0;0;0;0;0;0;0;0;0;0;0;0
Munna minuta;0;0;0;0;0;0;0;0;0;0;0;0;0.001874471;0;0;0;0;0;0;0;0;0;0;0;0;0;0;0;0;0
Nototrpis sp.;0.095548769;0;0;0;0;0;0;0;0;0;0;0;0;0;0;0;0;0;0;0;0;0;0;0;0;0;0;0;0;0
Oediceratidae (Monoculodes cf. borealis);0;0;0;0;0;0;0;0;0;0;0;0;0;0;0;0;0;0;0;0;0;0;0;0;0;0;0;0;0;0
Onisimus caricus;0;0;0;0;0;0;0;0;0;0;0;0;0;0;0;0;0;0;0;0;0;0;0;0;0.073412071;0;0;0;0;0.014287202
Paroediceros sp.;0;0;0;0;0;0.006267672;0;0;0;0;0;0;0;0;0;0;0;0;0;0;0;0;0;0;0;0;0;0;0;0
Philomedes globosus;0;0;0;0;0;0;0;0;0;0;0;0;0;0;0;0;0;0;0;0;0;0;0.019610284;0.131805025;0;0;0;0.09073592;0.013566717;0
Photis sp.;0;0;0;0;0;0;0;0.006389431;0;0;0;0;0;0;0;0;0;0;0;0;0;0;0;0;0;0;0;0;0;0
Phoxocephalidae (Harpinia sp.);0;0;0.041916417;0;0;0.013872638;0;0.003152472;0;0.015243982;0.062046785;0;0;0;0;0;0;0;0;0;0;0;0;0;0;0;0;0;0;0
Protomedeia fasciata;0;0;0.001874471;0;0;0;0;0;0;0;0;0;0;0;0;0;0;0;0;0;0;0;0;0;0;0;0;0;0;0
Pseudosphyrapus anomalus;0;0;0;0.003152472;0;0.016930979;0;0;0.001874471;0.001874471;0.005623413;0;0;0;0;0;0;0;0;0;0;0;0.001874471;0.007497884;0;0;0;0.001874471;0;0
Pseudotanais lilljeborgi;0;0;0;0;0;0;0;0;0;0;0;0;0;0;0;0.003152472;0;0;0;0;0;0;0;0;0;0;0;0;0;0
Rhachotropis aculeata;0;0;0;0;0;0;0;0;0;0;0;0;0.279848273;0;0;0;0;0;0;0;0;0;0;0;0;0;0;0;0;0
Sabinea septemcarinata;0.015693342;0;0;0;0;0;0;0;0;0;0;0;0;0;0;0;0;0;0;0;0;0;0;0;0;0;0;0;0;0
Saduria sabini;0;0.014995769;0;0;0;0;0.152582515;0;0;0;0;0.348962447;0;0.19611641;0;0;0.078595936;0;0;0;0;0.055097972;0;0;0;0;0;0;0;0.014287202
Stenothoidae gen.sp.;0;0;0;0;0;0;0;0;0.008916537;0;0;0;0;0;0;0;0;0;0;0;0;0;0;0;0;0;0;0;0;0
Synidotea bicuspida;0.020957224;0;0;0;0;0;0;0;0;0;0;0;0;0;0;0;0;0;0;0;0;0;0;0;0;0;0;0;0;0
Echinoidea juv.;0;0;0;0;0;0;0;0;0;0;0;0;0;0;0;0;0;0;0;0;0;0;0;0;0;0;0;0;0.030811471;0
Strongylocentrotus droebachiensis;0;0;0;0;0;0;0;0;0;0.200256979;0;0;0;0;0;0;0;0;0;0;0;0;0;0;0;0;0;0;0;0
Loxosomella sp.;0;0;0;0;0;0;0;0;0;0;0;0;0;0;0;0;0;0;0;0;0;0;0;0.003048971;0;0;0;0;0;0
Bathyarca glacialis;0;0;0.008916537;0;0;0;0;0;0;0;0;0;0;0.016380725;0;0;0;0;0;0;0;0;0;0;0;0;0;0;0;0
Boreocingula castanea;0.009740037;0;0;0;0;0.001874471;0;0;0;0;0;0;0;0;0;0;0;0;0;0;0;0;0;0;0;0;0;0;0;0
Buccinidae gen.sp.;0.020286235;0.00427287;0;0;0;0;0;0;0;0;0;0;0.045848223;0;0;0;0;0;0;0;0;0;0;0;0;0;0;0;0;0
Conidae gen. sp.;0;0;0;0;0;0;0;0;0;0;0;0;0.030828867;0;0;0;0;0;0;0;0;0;0;0;0;0;0;0;0;0
Criptonatica affinis;0;0;0.016380725;0;0;0;0;0;0;0;0;0;0.041916417;0;0;0;0;0;0;0;0;0;0;0;0;0;0;0;0;0
Cylichna alba;0.056810968;0;0.027548986;0;0;0;0;0.070913927;0.006267672;0.049847302;0;0;0;0;0;0.005301805;0;0;0;0;0;0;0;0;0;0;0;0;0;0
Cylichna occulta;0;0;0.021081851;0;0;0;0;0.006977568;0.00427287;0;0;0.014372164;0;0.005301805;0;0;0.012833238;0;0;0;0.048655688;0.00427287;0;0;0;0;0;0;0;0
Cylichna scalpta;0;0;0;0;0;0;0;0;0;0;0;0;0.007186082;0.003152472;0;0;0.014372164;0;0;0;0;0;0;0;0;0;0;0;0;0
Frigidoalvania sp.;0.019657994;0;0.024200455;0;0.005301805;0;0.009740037;0.00745356;0.032267273;0;0;0;0;0;0;0.013774493;0;0;0;0;0;0;0;0;0;0;0;0;0;0
Laona finmarchica;0;0;0;0;0;0;0;0;0;0.107076892;0;0;0;0;0;0;0;0;0;0;0;0;0;0;0;0;0;0;0;0
Lepeta caeca;0;0;0;0;0;0;0;0;0;0.74268159;0;0;0;0;0;0;0;0;0;0;0;0;0.187734659;0;0;0;0;0.053397163;0.091696446;0
Margarites groenlandicus;0.018662634;0.036118037;0;0;0;0;0.037431531;0;0.005301805;0;0;0;0;0;0;0;0.003152472;0;0;0;0;0;0;0;0;0;0;0;0;0
Margarites helicinus;0;0;0;0;0;0;0;0;0;0;0;0;0;0;0;0;0;0;0;0;0;0;0;0;0;0;0;0.012085502;0;0
Margarites olivaceus;0;0;0;0;0;0;0.01060361;0;0;0.021582848;0;0;0;0;0;0;0;0;0;0;0;0;0;0;0;0;0;0;0;0.015261378
Neptunea despecta;0;0;0;0;0;0;0;0;0.006267672;0;0;0;0;0;0;0;0;0;0;0;0;0;0;0;0;0;0;0;0;0
Onobe sp.;0;0;0.016889491;0;0;0;0;0;0;0;0;0;0;0;0;0;0;0;0;0;0;0;0;0;0;0;0;0;0;0
Philine sp.;0;0;0;0;0;0;0;0;0;0;0;0;0;0;0;0;0;0;0;0;0;0;0;0.280979123;0;0;0;0;0;0
Propebela nobilis;0;0;0;0;0;0;0;0;0;0;0;0;0;0;0;0;0;0;0;0;0;0;0;0;0.396656943;0;0;0;0;0
Propebela sp.;0.055836292;0;0;0;0.014900594;0;0;0.052202626;0.027857026;0;0;0;0;0.00427287;0;0;0;0.005081327;0;0;0;0;0;0;0;0;0;0;0;0
Retusa sp.;0;0;0;0;0;0;0;0;0;0;0;0;0.020205155;0;0;0;0.002229134;0.002466943;0;0;0;0;0;0;0;0;0;0;0;0
Rissoidae gen.sp.;0;0;0;0;0;0;0;0;0.011582922;0;0;0;0;0;0;0;0;0;0;0;0.008066818;0;0;0;0;0;0;0;0;0
Velutina sp.;0;0;0;0;0;0;0;0;0;0;0;0;0.059719997;0;0;0;0;0;0;0;0;0;0;0;0;0;0;0;0;0
Chiridota laevis;0;0;0;0;0;0;0;0;0;0;0;0;0;0.007186082;0;0;0.21924421;0;0;0;0;0;0;0;0;0;0;0;0;0
Eupyrgus scaber;0;0;0;0;0;0;0;0;0.012833238;0;0.00427287;0;0;0;0;0;0;0;0;0;0;0;0;0;0;0;0;0.007186082;0;0
Labidoplax buskii;0;0;0;0;0;0;0;0;0;0;0;0;0.166277498;0;0;0;0;0;0;0;0;0;0;0;0;0;0;0;0;0
Molpadia borealis;0;0;0;0;0;0;0;0;0;0;0;0;0;0;0;0;0;0;0;0;0;0;0;0;0;0;0;0;0;1.052458932
Psolus fabricii;0;0;0;0;0;0;0;0;0;6.873429154;0;0;0;0;0;0;0;0;0;0;0;0;0;0;0;0;0;0;0;0
Psolus sp.;0;0;0;0;0;0;0;0;0;0;0;0;0;0;0;0;0;0;0;0;0;0;0;0.160693235;0;0;0;0;0;0
Trochoderma elegans;0.001874471;0;0;0;0.008066818;0;0;0;0.014995769;0;0;0;0.017833075;0;0;0;0;0;0;0;0;0;0;0;0;0;0;0.001874471;0.012535344;0
Myriotrochus rinkii;0;0;0;0;0;0;0;0.217804094;0;0;0;0;0;0;0;0;0;0;0;0;0;0;0;0;0;0;0;0;0;0
Mollusca rest;0.006267672;0;0;0.020205155;0;0;0;0;0;0;0;0;0;0;0;0;0;0;0;0;0;0;0;0;0;0;0;0;0;0
Enoplus sp.;0;0;0;0;0;0;0;0;0;0.001874471;0;0;0.035236894;0;0;0;0;0;0;0;0;0;0;0;0;0;0;0;0;0
Nematoda;0;0;0;0;0;0.003748942;0;0;0;0;0.003152472;0;0;0;0;0;0;0;0;0;0;0;0;0;0;0;0;0;0;0
Nemertea gen.sp.;0;0.00427287;0.013121298;0;0;0.006977568;0;1.143201097;0.048342006;0;0.043735159;0;0.068530036;0;0;0;0;0.04246612;0.031399054;0;0;0;0.010540926;0.015261378;0;0;0;0.078595936;0.138512161;0
Gorgonocephalus arcticus;0;0;0.726922814;0;0;0;0;0;0;0;0;0;0;0;0;0;0;0;0;0;0;0;0;0;0;0;0;0;0;0
Ophiacantha bidentata;0.279978207;0;0;0;0;0;0;0.012085502;0;0.00824872;0;0;0;0;0;0;0.455861142;0;0;0;0;0;0.714166129;0.22153877;0;0;0;0.001874471;0.022816408;0.060186627
Ophiocten sericeum;0.173318652;0;0;0;0.001874471;0.281635756;0;0.197050659;1.665165978;0.672628097;0.392605462;0.738842939;0;0;0;0.095927681;0.226106704;0.18532675;0.193368025;0;0;0;0.126371537;0.234995009;0.885488571;0;0.009740037;0.339155569;0.088284929;0.034748766
Ophiopleura borealis;0;0;0;0;0;0;0.114297617;0;0;0;0;0;0;0;0;1.300661041;0;0;0;0;0;0;0;0;0;0.022816408;0;0;0;0
Ophiopus arcticus;0;0;0;0;0;0;0;0;0;0;0;0.003152472;0.029285828;0;0;0;0.028689068;0;0;0.029253457;0;0;0.192374878;0;0;0;0;0;0;0
Ophiura robusta;0.058571657;0;0;0;0;0.005301805;0;0;0;0.307663528;0.218993435;0;0.163657575;0;0;0;0;0;0;0;0;0;0;0;0;0;0;0;0;0
Ophiura sarsi;0;0;0;0;0;0;0;0;0;0;0;0;0;0;0.01060361;0;0;0;0;0;0;0;0;0;0;0;0;0;0;0.668493789
Ophiuroidea gen.sp. juv.;0.016930343;0;0;0;0.001874471;0.020085103;0;0.027548986;0.003152472;0.032699658;0.005081327;0.001874471;0.003152472;0.013774493;0;0;0;0;0;0;0.003152472;0;0;0;0;0;0;0;0;0
Stegophiura nodosa;0;0.009740037;0;0;0;0;0.020957224;0;0;0;0;0;0;0;0;0;0;0;0;0;0;0;0;0;0;0;0;0;0;0
Nymphon sp.;0.081828788;0;0;0;0;0.00854574;0;0.001874471;0;0;0;0;0;0;0;0;0;0;0;0;0;0;0;0;0;0;0.003152472;0;0;0.001874471
Pantopoda gen. sp.;0;0.001874471;0;0;0;0;0;0;0;0;0;0;0;0;0;0;0;0;0;0;0;0;0;0;0;0;0;0;0;0
Pantopoda gen.sp.;0;0.001874471;0;0;0;0;0;0;0.001874471;0.006267672;0;0;0;0;0;0;0;0;0;0;0;0;0;0;0;0;0;0;0;0
Aglaophamus malmgreni;0.053846371;0;0;0.556945213;0.066607452;0;0;0;0;0.009740037;0.092499136;0.424645721;0.014372164;0.630618716;0.35941743;0.466227111;0;0.022450409;0.097311377;0;0.030828867;0;0.06129779;0.238917294;0.019041263;0.035245709;0.034117244;0.046813476;0;0.17805537
Aglaophamus rubellus (?);0;0.038372471;0;0;0;0;0;0;0;0;0;0;0;0;0;0;0;0;0;0;0;0;0;0;0;0;0;0;0;0
Ampharete finnmarchica;0.056473418;0;0.06598976;0;0.02981424;0.047886242;0;0;0.001874471;0.006267672;0.147651322;0;0;0;0;0;0;0;0;0;0;0;0;0;0;0;0;0;0;0
Ampharete sp.;0;0;0.010162655;0;0;0.037606031;0;0;0.013333333;0.005301805;0.00824872;0;0.003152472;0;0;0;0;0;0;0.101924634;0;0;0.076031835;0.127624817;0.006267672;0;0;0.084101266;0.025219776;0.020957224
Ampharetidae gen. sp.;0;0;0.001874471;0;0.004148887;0;0;0.00427287;0.008916537;0;0;0;0;0;0;0;0;0;0;0;0;0;0;0;0;0;0;0;0;0
Amphicteis gunneri;0;0;0;0;0;0;0;0;0;0;0;0;0;0;0;0;0;0;0;0;0;0;0;0;0.021207219;0;0;0;0;0
Amphicteis ninonae;0;0;0;0.006304944;0.035773084;0.045020287;0;0.005081327;0.006304944;0.130813533;0.021081851;0;0;0;0;0;0;0;0;0;0;0;0;0;0;0;0;0;0;0
Antinoella finnmarchica;0;0;0;0;0;0;0;0;0;0;0;0;0.001874471;0;0;0;0;0;0;0;0;0;0;0;0;0;0;0;0;0
Apistobranchus tullbergi;0.001874471;0;0;0;0;0;0;0;0;0;0.00854574;0;0;0;0;0;0;0;0;0;0;0;0;0;0;0;0;0;0;0
Aricidea nolani;0.003748942;0;0;0.016930343;0.001874471;0.004458269;0;0.011246827;0.011582922;0;0.004458269;0.003748942;0.007928047;0.003152472;0;0.003152472;0.00854574;0;0;0;0;0;0;0;0;0;0;0;0;0
Aricidea quadrilobata;0;0;0;0;0;0;0;0;0;0;0;0;0.003748942;0;0;0;0;0;0;0;0;0;0;0;0;0;0;0;0;0
Aricidea sp.;0;0;0;0;0;0;0;0;0;0;0;0;0;0;0;0;0;0;0;0;0;0;0.004148887;0.011246827;0;0;0;0.009809437;0;0
Artacama proboscidea;0;0.024494897;0;0;0;0;0;0;0.082832832;0;0;0;0;0;0;0;0;0;0;0;0;0;0;0;0;0;0;0;0;0
Axiothella cathenata;0.003748942;0;0;0;0;0;0;0;0;0;0.016990442;0;0.00854574;0;0;0;0;0.024626348;0;0;0.076838454;0;0;0;0;0;0;0;0;0
Brada inhabilis;0;0;0;0;0;0;0;0;0;0;0;0;0.156851819;0;0;0;0;0;0;0;0;0;0;0;0;0;0;0;0;0
Brada sp.;0;0;0;0;0;0.003152472;0;0;0;0;0;0;0;0;0;0;0;0;0;0;0;0;0;0;0;0;0;0;0;0
Brada vilosa;0;0;0;0;0;0;0;0;0;0;0;0;0.0779203;0;0;0;0;0;0;0;0;0;0;0;0;0;0;0;0;0
Branchiomma arcticum;0.019041263;0;0;0;0;0;0;0;0.041699199;0;0.018615926;0;0;0;0;0;0;0;0.024626348;0;0;0;0;0;0;0;0;0;0;0.303117267
Bylgides annenkovae;0;0.00427287;0;0;0;0;0;0;0;0;0;0;0;0;0;0;0;0;0;0;0;0;0;0;0;0;0;0;0;0
Bylgides sp.;0;0;0;0;0.005301805;0;0;0;0;0;0;0;0;0;0;0;0;0;0;0;0;0;0;0;0;0;0;0;0;0
Capitella capitata;0.003152472;0.011734823;0.00745356;0.005301805;0;0;0;0.003152472;0;0;0;0;0;0;0;0;0;0;0.008066818;0;0;0;0.021582848;0;0;0;0;0;0;0
Capitellidae gen. sp.;0;0;0;0;0;0;0;0;0;0;0;0;0;0;0;0.004148887;0;0;0;0;0;0;0;0;0;0;0;0;0;0
Chaetozone setoza;0.055547311;0.053592025;0.011688713;0.138448902;0.060898223;0.410125886;0.003748942;0.156557127;0.212930448;0.028835385;0.154747733;0;0.231506187;0;0.035204469;0.038102349;0.013464206;0.085333158;0;0.01281861;0.003152472;0;0.039305826;0.166989461;0.045625278;0;0;0.189302997;0;0.243534599
Chone infundibuliformes;0;0;0;0;0;0.12171921;0;0.002466943;0.045351708;0;0;0;0.06796057;0;0;0;0;0.001874471;0;0;0;0;0;0;0;0;0;0;0;0
Cirratulidae gen.sp.;0;0;0;0;0;0;0;0.023885348;0;0;0;0.016133637;0;0.009593118;0;0.030925428;0.00427287;0;0;0;0;0;0;0;0;0;0;0;0;0
Clymenura polaris;0;0;0;0;0;0;0;0;0;0;0;0;0.010745699;0;0;0;0;0;0;0;0;0;0;0;0;0;0;0;0;0
Cossura longocirrata;0;0;0;0;0;0;0;0;0;0;0;0;0;0;0;0;0.005081327;0;0;0;0;0;0;0;0;0;0;0;0;0
Cossura pygodactilata;0;0;0.005623413;0;0.002802988;0;0;0.004148887;0.052174919;0.003152472;0.005301805;0;0;0;0;0;0.00824872;0;0;0;0;0;0;0;0;0;0;0;0;0
Diplocirrus longicetosus;0;0;0;0;0;0;0;0;0;0;0;0;0.008916537;0;0;0;0;0;0;0;0;0;0;0;0;0;0;0;0;0
Diplocirrus sp.;0.001874471;0;0;0;0;0.014287202;0;0;0.010540926;0;0.00745356;0;0.006304944;0;0;0;0;0;0;0;0;0;0;0;0;0;0;0;0;0
Dorvilleidae g. sp.;0;0;0;0;0;0;0;0;0;0;0;0;0;0;0;0;0;0;0;0.011582922;0;0;0;0.001874471;0;0;0;0.002229134;0;0
Eteone barbata;0;0;0;0;0;0;0;0.010162655;0;0;0;0;0;0;0;0;0;0;0;0;0;0;0;0;0;0;0;0;0;0
Eteone flava;0;0;0.001874471;0.00427287;0.005623413;0;0;0.106794326;0.052973985;0;0.010162655;0;0.264229029;0;0;0;0;0.004148887;0;0;0;0;0;0;0;0;0;0.008916537;0;0
Eteone longa;0;0;0;0;0;0;0;0;0;0;0;0;0;0;0;0;0;0;0;0.001874471;0;0;0;0.017854804;0;0;0;0;0;0.003152472
Eteone sp.;0;0;0;0;0;0;0;0;0;0;0.034291245;0;0;0;0;0;0;0;0;0;0;0;0;0;0;0;0;0;0;0
Euchone analis;0;0;0;0;0;0.003152472;0;0.005623413;0;0;0;0;0;0;0;0;0;0.003152472;0;0;0;0;0;0;0;0;0;0;0;0
Euchone papillosa;0.085903653;0;0;0;0;0;0;0;0;0;0;0;0;0;0;0;0;0;0;0;0;0;0;0;0;0;0;0;0;0
Euchone sp.;0;0;0.010540926;0;0;0;0;0;0;0;0;0;0;0;0;0;0;0;0;0;0;0;0;0;0;0;0;0;0;0
Eunoe nodosa;0;0;0.001874471;0;0;0;0;0;0;0;0;0;0;0;0.022816408;0;0;0;0;0;0;0;0;0;0;0;0;0;0.108533738;0
Eunoe sp.;0;0;0;0;0;0;0;0;0.028404626;0;0.267298148;0.022202484;0;0;0;0;0;0;0;0;0;0;0;0;0;0;0;0;0;0
Exogone sp.;0;0;0;0;0;0;0;0;0;0;0;0;0.004458269;0;0;0;0;0;0;0;0;0;0;0;0;0;0;0;0;0
Galathowenia oculata;0.00854574;0.001874471;0;0.076760669;0.122100455;0.120112325;0;0.047067658;0.022450409;0.001874471;0.151361355;0;0.047582988;0.007186082;0;0;0;0.001874471;0;0;0;0;0.008863826;0.013333333;0.025070687;0;0;0.001874471;0;0
Gattyana sp.;0;0;0;0;0;0;0;0;0.006267672;0;0;0;0;0;0;0;0;0;0;0;0;0;0;0;0;0;0;0;0;0
Glycera capitata;0;0;0;0;0;0.100282749;0;0.031386684;0;0;0;0;0.001874471;0;0;0;0;0;0;0;0;0;0.012833238;0;0;0;0;0.009740037;0;0
Glycera sp.;0;0;0.003152472;0;0;0;0;0;0;0;0;0;0;0;0;0;0;0;0;0;0;0;0;0;0;0;0;0;0;0
Glypanostomum pallescens;0.006267672;0;0.019735541;0;0;0;0;0;0.016990442;0;0.008916537;0;0;0;0;0;0;0.003152472;0;0;0;0;0;0;0;0;0;0;0;0
Hesionidae gen.sp.;0.002229134;0;0;0;0;0;0;0;0;0;0;0.003748942;0;0;0;0;0;0;0;0;0;0;0;0;0;0;0;0;0;0
Hirudinea gen. sp.;0;0;0;0;0;0;0;0;0;0;0;0;0;0;0;0;0;0.001874471;0;0;0;0;0;0;0;0;0;0;0;0
Jasmineira schaudinni;0.017833075;0;0.008066818;0;0;0;0;0.029828787;0.011688713;0;0;0;0;0;0;0;0;0.001874471;0;0;0;0;0;0;0;0;0;0;0;0
Laonice cirrata;0;0;0;0;0.089752294;0;0;0;0.924554178;0;0;0;0;0;0;0.067837155;0;0;0;0;0;0;0.065396933;0.025219776;0;0;0;0.148511831;0;0
Laphania boecki;0;0;0;0;0;0.003152472;0;0.005301805;0.014900594;0;0.014564753;0;0.01060361;0;0;0;0;0;0;0;0;0;0;0;0;0;0;0;0;0
Levinsenia gracilis;0;0;0;0;0;0;0;0;0;0;0;0;0;0;0;0;0;0;0;0;0;0;0.001874471;0.007400828;0;0;0;0.005127737;0;0
Lumbrinereis tetraura;0;0.003152472;0.104786119;0;0;0;0;0.005081327;0.001874471;0;0.038885249;0.010540926;0;0;0;0;0;0;0.03147604;0;0;0;0;0;0;0;0;0;0;0
Lysippe labiata;0.006304944;0;0;0;0;0.008066818;0;0.00745356;0.016380725;0;0;0;0.103438069;0;0;0;0;0;0;0;0;0;0.00427287;0;0;0;0;0;0;0
Lysippe sexticirrata;0;0;0;0;0;0;0;0.004458269;0;0;0;0;0;0;0;0;0;0;0;0;0;0;0;0;0;0;0;0;0;0
Maldane arctica;0.573005118;0;0;0;0;0;0;0;0;0;0;0;0;0;0;0;0;0;0;0;0;0;0;0;0;0;0;0;0;0
Maldane sarsi;0.84738462;0;0.207138991;0.270606716;0.005081327;0.065570937;0;0;0.067833586;0;0.031386684;0;0.00824872;0.166277498;0;0.066607452;0;0;0.013464206;0.009593118;0;0;0.204211377;0.165495323;0.387828747;0;0;0.094409012;0.003152472;0.18926585
Maldanidae gen.sp.;0.005301805;0;0.001874471;0;0;0;0;0;0;0;0;0;0;0.02032531;0;0.029285828;0;0;0;0;0;0;0;0;0.055682614;0.025808585;0.086688165;0;0;0
Marenzellaria sp.;0;0;0;0;0;0;0;0;0;0;0;0;0;0;0;0;0;0;0;0.005623413;0;0;0.013566717;0.006042751;0;0;0;0;0.021582848;0
Marenzelleria arctia;0;0;0;0;0;0;0;0;0;0;0;0;0;0;0;0;0;0;0;0;0;0;0;0;0;0;0;0.010162655;0;0
Mellinae elisabethae;0;0;0.016889491;0.183057724;0;0;0;0;0;0.109416747;0;0;0;0;0;0;0;0;0;0;0;0;0;0;0;0;0;0;0.008066818;0
Micronephthys minuta;0.015243982;0.076346802;0.042163702;0.021900562;0.089730271;0.005081327;0.015243982;0;0.01281861;0;0.027181665;0.003748942;0.045083103;0.006304944;0.004933885;0.018128252;0.023320689;0.009372355;0.002229134;0;0.005301805;0.003748942;0;0.01281861;0;0;0;0.003152472;0;0
Minuspio cirrifera;0;0;0.165545402;0.040434282;0;0;0;0;0;0;0;0;0;0;0;0;0;0;0;0;0;0;0;0;0;0;0;0;0;0
Myriochele heeri;0.156742175;0.006304944;0.168761378;0.093868079;0.12649967;0;0;0;0;0;0;0.011734823;0.024561407;0.114977316;0;0.001874471;0;0;0;0.003748942;0.00427287;0;0;0;0;0;0;0;0;0
Nephtidae gen. sp.;0.086632818;0;0;0;0;0;0;0;0;0;0;0;0;0;0;0.005301805;0;0;0;0;0;0;0;0;0;0;0;0;0;0
Nephtys caeca;0;0;0;0;0;0;0;0;0;0;0;0;0.03147604;0;0;0;0;0;0;0;0;0;0;0;0;0;0;0;0;0
Nephtys ciliata;0;0;0;0.104147071;0.018803015;0;0;0;0.192612189;0;0;0;0;0;0;0;0;0;0;0;0;0;0;0;0;0;0;0;0;0
Nephtys pente;0;0;0;0;0;0;0;0;0;0;0;0;0.137619069;0;0;0;0;0;0;0;0;0;0;0;0;0;0;0;0;0
Nephtys sp.;0;0;0;0;0;0.009457416;0;0;0;0;0;0;0;0;0;0;0;0;0;0;0;0;0;0.0720716;0;0;0;0;0.068899337;0
Nereis gracilis;0;0;0;0;0;0;0;0;0;0;0;0;0;0;0;0;0;0;0;0;0.00427287;0;0;0;0;0;0;0;0;0
Nereis sp.;0;0;0.017727653;0;0;0;0;0;0;0;0;0;0;0;0;0;0;0;0;0;0;0;0;0;0;0;0;0;0;0
Nereis zonata;0.021207219;0;0;0;0;0.046331687;0;0;0;0;0;0;0;0;0;0;0;0;0;0;0;0;0;0;0;0;0;0;0.003152472;0
Nicolea sp.;0;0;0;0;0;0;0;0;0;0;0;0.04777214;0;0;0;0;0;0;0;0;0;0;0;0;0;0;0;0;0;0
Nicomache lumbricalis;0;0;0.546661137;0;0;0;0;0.00854574;0;0;0;0;0;0;0;0;0;0;0;0;0;0;0;0;0;0;0;0;0;0
Nicomache sp.;0;0;0;0;0;0;0;0.00854574;0;0;0;0;0;0;0;0;0;0;0;0;0;0;0.00854574;0.00427287;0;0;0;0.003152472;0.191097539;0
Nothria hyperborea;0.078325783;0;0;0;0;1.378135064;0;0;0;0.001874471;0;0;0;0;0;0;0.012085502;0;0;0;0;0;0.001874471;0.008066818;0;0;0.17915999;0;0;0
Notomastus latericeus;0;0;0.022193737;0;0.035996765;0.003152472;0;0;0.011582922;0.00745356;0.003152472;0;0.015243982;0;0;0;0.003152472;0;0;0;0;0;0.003152472;0.009809437;0;0;0;0;0;0
Notomastus sp.;0;0;0.011734823;0;0;0;0;0;0;0;0;0;0;0;0;0;0;0;0;0;0;0;0;0;0;0;0;0;0;0
Ophelia limacina;0;0;0;0;0;0;0;0;0;0;0;0;0.004148887;0;0;0;0;0;0;0;0;0;0;0;0;0;0;0;0;0
Ophelia sp.;0;0;0;0;0;0;0;0;0;0;0;0;0;0;0;0.043404694;0;0;0;0;0;0;0;0;0;0;0;0;0;0
Ophelina abranchiata;0;0;0;0;0;0;0;0;0;0;0;0;0;0;0;0;0;0;0;0;0;0.070129414;0;0;0;0.018744711;0.010745699;0;0;0
Ophelina acuminata;0.003152472;0.032839814;0.025406637;0;0.004458269;0;0;0;0.07423848;0.006687403;0;0.001874471;0;0.015842917;0;0.005081327;0.007497884;0;0;0;0;0;0;0;0;0;0;0;0;0
Ophelina cylindricauda;0;0;0;0;0;0;0;0;0.020932703;0.007497884;0.037756937;0;0.003152472;0;0;0;0.013333333;0.029253457;0.012062707;0;0.058108604;0;0;0;0;0;0;0;0;0
Owenia fusiformis;0.038082526;0.011322003;0;0;0;0.003152472;0;0;0.011582922;0;0;0;0.012609888;0;0;0;0;0;0.00427287;0;0;0;0;0;0;0;0;0;0;0
Oweniidae gen.sp.;0;0;0;0;0;0;0;0.003152472;0;0;0;0;0;0;0;0;0;0;0;0;0;0;0;0;0;0;0;0;0;0
Paradiopatra fjordica;0.001874471;0;0;0;0;0;0;0;0.016380725;0;0;0;0;0;0;0;0;0;0;0;0;0;0;0;0;0;0;0;0;0
Paraonidae gen.sp.;0;0;0;0;0;0.003152472;0;0;0;0;0.00427287;0;0.011246827;0;0.048146828;0;0.011408204;0.015243982;0;0;0.021582848;0;0;0;0;0;0;0;0;0
Paraonidae gen.sp.;0;0;0;0;0;0;0;0;0;0;0.005301805;0;0;0;0.040170207;0;0;0;0;0;0;0;0;0;0;0;0;0;0;0
Paraonides nordica;0;0;0;0;0;0;0;0;0;0;0;0;0;0;0;0.023498243;0;0;0;0;0;0;0;0;0;0;0;0;0;0
Pectinaria hyperborea;0;0.091346886;0;0;0;0;0;0;0;0;0;0;0.125249917;0;0;0;0;0;0;0;0;0;0;0;0;0;0;0;0;0
Pherusa plumosa;0;0;0;0;0;0;0;0;0;0;0;0;0;0;0;0;0;0;0;0;0;0;0;0;0;0;0;0;0;0.096684013
Pherusa sp.;0;0;0;0.01709148;0;0;0;0;0;0;0;0;0;0;0;0;0;0;0;0;0;0;0;0;0;0;0;0;0;0
Pholoe longa;0;0;0;0.005623413;0.002229134;0.006389431;0;0;0.072517154;0.013972139;0.016595546;0.001874471;0.065701687;0;0.005623413;0;0.005081327;0.019168293;0.004148887;0;0;0;0;0.016595546;0;0;0;0.013121298;0.001874471;0
Pholoe sp.;0;0;0.00745356;0.003748942;0.001874471;0.013087008;0;0.051414831;0.01576236;0;0.028117066;0.005081327;0.174280596;0.003152472;0;0.003152472;0.005301805;0;0;0;0;0;0;0;0;0;0;0;0;0
Phyllodoce groenlandica;0;0;0.125249917;0;0.020957224;0;0;0.012085502;0;0;0.064905156;0;0.006304944;0;0.345262736;0;0;0;0;0;0;0;0;0;0;0;0;0;0;0
Phyllodoce maculata;0;0;0;0;0;0;0;0;0.005301805;0.20205155;0;0;0.018388369;0;0;0;0;0;0;0;0;0;0;0;0;0;0;0;0;0
Phyllodoce mucoza;0;0;0.031399054;0;0;0;0;0;0;0;0;0;0;0;0;0;0;0;0;0;0;0;0;0;0;0;0;0;0;0
Polychaeta gen. sp. ;0.140034361;0.055058978;0;0;0;0;0.001874471;0;0;0;0;0;0;0;0;0;0;0.006267672;0;0;0.011582922;0;0;0.012609888;0.012085502;0;0;0;0;0
Polycirrus medusa;0;0;0;0;0;0;0;0.001874471;0;0;0;0;0;0;0;0;0;0;0;0;0;0;0;0;0;0;0;0;0;0
Polynoidae gen. sp. ;0;0.002229134;0;0;0;0;0;0;0;0;0;0;0;0;0;0;0;0;0;0.073825661;0;0;0.01281861;0;0;0;0;0;0;0
Potamethus malmgreni;0;0;0;0;0;0;0;0;0;0;0;0.303375276;0;0;0;0;0;0;0;0;0;0;0;0;0;0;0;0;0;0
Praxillella gracilis;0;0;0;0.246379923;0.210859997;0;0;0;0.200095239;0;0;0;0;0;0;0.025219776;0;0;0;0;0;0;0;0.088250147;0.156246258;0;0.038885249;0;0;0.128236116
Praxillella praetermissa;0;0;0;0.178865418;0;0;0;0.00824872;0;0;0;0;0;0;0;0;0;0;0;0;0;0;0;0;0;0;0;0;0;0
Praxillella sp.;0;0;0;0;0;0.005081327;0;0;0;0;0;0;0;0;0;0;0;0;0;0;0;0;0;0;0;0;0;0;0;0
Praxillura longissima;0;0;0;0.034748766;0.041238364;0.112447193;0;0;0;0.01281861;0.347096114;0;0;0;0;0;0;0.00427287;0;0;0;0;0;0;0;0;0;0;0;0
Proclea graffii;0;0;0;0;0;0;0;0.009457416;0;0;0;0;0;0;0;0;0;0;0;0;0;0;0;0;0;0;0;0;0;0
Pseudopotamilla neglecta;0;0;0;0;0;0;0;0;0;0.123727061;0;0;0;0;0;0;0;0;0;0;0;0;0;0;0;0;0;0;0;0
Rhodine gracilis;0;0;0;0;0;0;0;0;0;0;0;0;0.003152472;0;0;0;0;0;0;0;0;0;0;0;0;0;0;0;0;0
Sabellidae gen. sp.;0.00427287;0;0;0;0;0;0;0;0;0;0;0;0;0;0;0;0;0;0;0;0;0;0.005081327;0;0;0;0;0.005081327;0.020653599;0
Scalibregma inflatum;0;0;0.053946065;0;0;0.01060361;0;0.007186082;0.015905415;0;0.023469646;0;0.009457416;0.006267672;0;0.00427287;0;0.003748942;0;0;0;0;0.04041031;0;0;0;0;0;0;0
Scalibregma sp.;0;0;0;0;0;0;0;0;0;0;0;0;0;0;0;0.129184005;0;0;0;0;0;0;0;0;0;0;0;0;0;0
Scoletoma fragilis;0.018416104;0.112921252;0.013464206;0.089802489;0.076346802;0.020085103;0.052010162;0;0.745860851;0.01061653;0.708441229;0.152700706;0.060860922;0.027309698;0.617293788;0.84894694;0.099749057;0.149761345;0.013774493;0;0.00427287;0.001874471;0.228009995;0.182050112;0.0640441;0.003152472;0.003152472;0.099019246;0.319001023;0.078791567
Scoloplos  sp.;0;0;0;0;0;0;0;0;0;0;0;0;0;0;0;0;0;0;0;0;0;0;0.005081327;0.023469646;0;0;0;0.00427287;0;0
Scoloplos acutus;0.01687024;0;0;0;0.160384086;0.006977568;0;0;0.013333333;0;0.024391766;0;0.187942811;0;0.008066818;0;0.051818511;0;0;0;0;0;0;0;0;0;0;0;0;0
Scoloplos gr. armiger;0;0;0;0;0;0;0;0.043404694;0;0;0;0;0;0;0;0.022193737;0.009457416;0;0;0;0;0;0;0;0.009593118;0;0.00427287;0;0;0
Sphaerodoridae gen.sp.;0;0;0;0;0;0;0;0.003152472;0;0;0;0.003152472;0;0.001874471;0;0;0;0;0;0;0;0;0;0;0;0;0;0;0;0
Sphaerodoropsis minuta;0;0;0;0;0;0;0;0;0;0;0;0;0;0;0;0;0;0;0;0;0;0;0.001874471;0;0;0;0;0;0;0
Sphaerodoropsis sp.;0;0;0;0;0;0;0;0;0;0;0;0;0;0;0;0.003152472;0;0;0;0;0;0;0;0;0;0;0;0;0;0
Sphaerodorum gracilis;0.014564753;0;0.001874471;0;0;0.006977568;0.001874471;0;0;0;0.005301805;0;0;0;0;0;0;0.004148887;0;0;0;0;0.005301805;0;0;0;0;0;0;0
Spio armata;0;0;0;0;0;0;0;0.066217831;0.027745276;0;0;0;0;0;0;0;0;0;0;0;0;0;0;0;0;0;0;0;0;0
Spio limicola;0;0;0;0.003748942;0;0;0;0;0;0;0;0;0;0;0;0;0;0;0;0;0;0;0;0.030705196;0;0;0;0.078015244;0;0
Spio sp.;0;0;0.114378316;0.005081327;0.008863826;0;0;0.004148887;0;0;0;0;0;0;0;0;0;0;0;0;0;0;0;0;0.017727653;0;0;0.001874471;0;0
Spiochaetopterus typicus;0.138862761;0.018388369;0.02639295;0.100346116;0.740321664;0.130707006;4.22973847;0.003048971;0;0.151793888;0.500936454;0.665507111;0;0;0;0.204590988;0;0.049142176;0.692719107;0;0.078791567;0;0.0981908;0;0.441713777;5.027804815;0;0.003152472;0.017727653;0
Spionidae gen.sp.;0.003152472;0.012062707;0;0;0.005301805;0.017145622;0;0.01576236;0.139150819;0.025909256;0.059770853;0;0.10830719;0.003152472;0.001874471;0.006304944;0.00745356;0.022227821;0.029831926;0;0.018416104;0;0;0;0;0;0;0;0;0
Spiophanes wigleyi (ex urceolata);0.076291257;0;0;0;0;0;0;0.02346702;0;0;0;0.005301805;0;0;0;0;0;0;0;0;0;0;0;0;0;0;0;0;0;0
Syllinae gen.sp.;0;0;0;0.005301805;0;0.002229134;0;0;0;0.01061653;0.006304944;0.006977568;0;0;0.001874471;0;0;0;0;0.003152472;0;0;0.011582922;0;0;0;0;0;0.003152472;0
Syllis fasciata;0;0;0;0;0;0;0;0;0;0;0;0;0;0;0;0;0;0;0;0;0;0;0;0;0;0;0;0;0;0.003152472
Syllis sp.;0;0;0;0;0;0;0;0;0;0;0;0;0;0;0;0;0;0;0;0;0;0;0;0;0;0;0;0;0;0.003152472
Terebellidae gen.sp.;0;0;0;0.007186082;0.023411655;0;0;0;0;0;0;0;0;0;0;0;0;0;0;0;0;0;0.012085502;0;0;0;0;0.009593118;0;0
Terebellides sp.;0;0;0.050141375;0;0;0;0;0;0.091669597;0.005301805;0.091114583;0.020957224;0.076525769;0;0;0;0;0.038729833;0.019686777;0;0;0;0;0;0;0;0;0;0;0
Terebellides stroemi;0.013464206;0;0;0;0;0;0;0;0;0;0;0;0;0;0;0;0;0;0;0;0;0;0;0.009593118;0;0;0;0.001874471;0;0
Terebellomorpha;0;0;0;0;0;0;0;0;0;0;0;0;0;0;0;0;0;0;0;0.051029494;0;0;0.056588038;0.078730568;0;0;0;0;0;0
Trochochaeta carica;0;0;0;0;0;0;0;0;0;0;0.013872638;0;0;0;0;0;0;0;0;0;0;0;0;0;0;0;0;0;0;0
Porifera gen. sp.;0;0;0;0;0;0.005301805;0;0;0;0;0.014995769;0;0;0;0;0;0;0;0;0;0;0;0.168237243;0;0;0;0;0;0.012085502;0
Priapulida gen. sp.;0;0;0.073825661;0;0;0;0;0;0;0;0;0;0;0;0;0;0;0;0;0;0;0;0;0;0;0;0;0;0;0
Priapulus bicaudatus;0;0;0;0;0;0.003152472;0;0;0;0.585847049;0;0;0;0;0;0;0;0;0;0;0;0;0;0;0;0;0;0;0;0
Priapulus caudatus;0;0;0.003152472;0;0;0;0;0;0;0;0;0;0.005081327;0;0;0;0;0;0;0;0;0;0;0;0;0;0;0;0;0
Priapulus sp.;0;0;0;0;0;0;0;0;0;0;0;0;0;0;0;0;0;0;0;0;0;0;0;0.006267672;0;0;0;0;0;0
REST;0;0;0;0;0;0.01601173;0;0;0;0;0;0;0;0;0;0;0;0;0;0;0;0;0;0;0;0;0;0;0;0
Scaphopoda gen.sp.;0;0;0.003152472;0;0;0;0;0;0.071019445;0;0;0.03471569;0;0.013872638;0;0;0;0;0;0;0;0;0;0;0;0;0;0;0;0
Siphonodentalium sp.;0;0;0;0;0;0;0;0;0;0;0;0;0;0.016990442;0;0;0;0;0;0;0;0;0;0;0;0;0;0;0;0
Golfingia elgeris;0;0.097311377;0.054009062;0;0;0;0;0;0.003152472;0.003152472;0.003152472;0;0.005081327;0;0;0;0;0;0;0;0;0;0;0;0;0;0;0;0;0
Golfingia margaritacea ;0;0;0;0;0;0;0;0;0;0;0;0;0;0;0;0;0;0;0;1.56486589;0;0;0;0.518219833;0;0;0;0;0.083571077;0
Golfingia vulgaris;0;0;0;0;0;0.00854574;0;0;0;0;0;0;0;0;0;0;0;0;0;0;0;0;0;0;0;0;0;0;0;0
Nephasoma lilljeborgi;0;0;0;0;0;0;0;0;0;0;0;0;0;0;0;0;0;0;0;0;0;0;0;0;0;0;0;0;0;0.003748942
Nephasoma sp.;0;0;0;0;0;0;0;0;0;0;0;0;0;0;0;0;0;0;0;0.02963799;0;0;0.001874471;0;0;0;0;0;0.059834565;0
Phascolion strombus;0.049252696;0;0;0;0;0.034735075;0;0;0;0.015693342;0;0;0;0.109036201;0;0;0;0;0.066204253;0;0;0;0;0.014287202;0.21924421;0;0;0.064534546;0.013464206;0
Phascolosoma margaritaceum;0;0;0;0;0;0;0;0;0;0;0;0;0;0.039373554;0;0.129042927;0;0;0.710473855;0;0;0;0;0;0;0;0;0;0;0
Phascolosoma sp.;0;0;0;0;0;0;0;0;0;0;0;0.24074651;0;0;0;0;0;0;0;0;0;0;0;0;0;0;0;0;0;0
Sipuncula gen.sp.;0.055670919;0.002229134;0.080534738;0.018914832;0.020133685;0;0.006267672;0.009593118;0.014995769;0.028689068;0.006977568;0;0.002229134;0;0.040334092;0;0;0.096112457;0;0;0.030811471;0;0;0;0;0;0;0;0;0
